name,price,link,category
Кресло Пайл Barhat Olive,25990,https://www.divan.ru/product/kreslo-pajl-barhat-olive,kresla
Кресло Нелви Cozy Terra,26990,https://www.divan.ru/product/kreslo-nelvi-cozy-terra,kresla
Кресло Орхет Velvet Terra,17990,https://www.divan.ru/product/kreslo-orhet-velvet-terra,kresla
Кресло Лонди Bucle Galaxy,49990,https://www.divan.ru/product/kreslo-londi-bucle-galaxy,kresla
Кресло поворотное Кессен Velvet Olive,24990,https://www.divan.ru/product/kreslo-povorotnoe-kessen-velvet-olive,kresla
Кресло Кальдера Bucle Cloud,36990,https://www.divan.ru/product/kreslo-kaldera-bucle-cloud,kresla
Кресло Ланси Wool Pink,12990,https://www.divan.ru/product/kreslo-lansi-wool-pink,kresla
Кресло-кровать Кейсес Velvet Olive,22990,https://www.divan.ru/product/kreslo-krovat-kejses-velvet-olive,kresla
Кресло Лучето Bucle White,13990,https://www.divan.ru/product/kreslo-lucheto-bucle-white,kresla
Кресло Ансил Barhat Caramel,23990,https://www.divan.ru/product/kreslo-ansil-barhat-caramel,kresla
Кресло Кенсол Barhat Olive,19990,https://www.divan.ru/product/kreslo-kensol-barhat-olive,kresla
Кресло поворотное Мэник Velvet Sky,34990,https://www.divan.ru/product/kreslo-menik-velvet-sky,kresla
Кресло Бринт Soft Light,17990,https://www.divan.ru/product/kreslo-brint-soft-light,kresla
Кресло Пайпел-2 Bucle Forest,42990,https://www.divan.ru/product/kreslo-pajpel-2-bucle-forest,kresla
Кресло-кровать Види Textile Grey,20990,https://www.divan.ru/product/kreslo-krovat-vidi-textile-grey,kresla
Кресло Тут Рядом Мечта Серо-графитовое,19990,https://www.divan.ru/product/kreslo-tut-ryadom-mechta-sero-grafitovoe,kresla
Кресло Кастел Velvet Olive,15990,https://www.divan.ru/product/kreslo-kastel-velvet-olive,kresla
Кресло поворотное Теоп Bucle White,37990,https://www.divan.ru/product/kreslo-povorotnoe-teop-bucle-white,kresla
Кресло Ланси Wool Yellow,12990,https://www.divan.ru/product/kreslo-lansi-wool-yellow,kresla
Кресло-кровать Слипсон Мини Linia Lavender,34990,https://www.divan.ru/product/kreslo-krovat-slipson-mini-linia-lavender,kresla
Пуф Тут Рядом Красавчик Желтый,27990,https://www.divan.ru/product/puf-tut-ryadom-krasavchik-jeltyj,kresla
Кресло-кровать Льери Мини Velvet Coral,38990,https://www.divan.ru/product/kreslo-krovat-leri-mini-velvet-coral,kresla
Кресло Грейн Textile Olive,12990,https://www.divan.ru/product/kreslo-grejn-textile-olive,kresla
Кресло-кровать Нумо Мини Textile Light,21990,https://www.divan.ru/product/kreslo-krovat-numo-mini-textile-light,kresla
Кресло Винси Textile Ginger,21990,https://www.divan.ru/product/kreslo-vinsi-textile-ginger,kresla
Кресло Кото Cozy Dove,32990,https://www.divan.ru/product/kreslo-koto-cozy-dove,kresla
Кресло Иденси Barhat Cinnamon,23990,https://www.divan.ru/product/kreslo-idensi-barhat-cinnamon,kresla
Кресло Дженкс Textile Blue,19990,https://www.divan.ru/product/kreslo-djenks-textile-blue,kresla
Кресло-кровать Ольен Мини Velvet Latte,31990,https://www.divan.ru/product/kreslo-krovat-olen-mini-velvet-latte,kresla
Кресло Мисл Barhat Beige,36990,https://www.divan.ru/product/kreslo-misl-barhat-beige,kresla
Кресло Пайпел-2 Bucle Yellow,42990,https://www.divan.ru/product/kreslo-pajpel-2-bucle-yellow,kresla
Кресло Тут Рядом Космос-1 Зеленый,72990,https://www.divan.ru/product/kreslo-tut-ryadom-kosmos-1-zelenyj,kresla
Кресло Роттердам Velvet Violet,20990,https://www.divan.ru/product/kreslo-rotterdam-velvet-violet,kresla
Кресло Носта Barhat Silver,21990,https://www.divan.ru/product/kreslo-nosta-barhat-silver,kresla
Кресло Бонс-Т Velvet Emerald,29990,https://www.divan.ru/product/kreslo-bons-t-velvet-emerald,kresla
Кресло Виль Barhat Beige,29990,https://www.divan.ru/product/kreslo-vil-barhat-beige,kresla
Кресло-кровать Динс Мини Velvet Coral,32990,https://www.divan.ru/product/kreslo-krovat-dins-mini-velvet-coral,kresla
Кресло-кровать Эби Мини Linia Navy,35990,https://www.divan.ru/product/kreslo-krovat-abi-mini-linia-navy,kresla
Кресло Гарди Soft Toffe,26990,https://www.divan.ru/product/kreslo-gardi-soft-toffe,kresla
Кресло-кровать Маре Мини Velvet Ginger,23990,https://www.divan.ru/product/kreslo-krovat-mare-mini-velvet-ginger,kresla
Кресло-кровать Лесли Velvet Sand,36990,https://www.divan.ru/product/kreslo-krovat-lesli-velvet-sand,kresla
Кресло Пайпел Bucle Forest,28990,https://www.divan.ru/product/kreslo-pajpel-bucle-forest,kresla
Кресло Ларни Velvet Coral,20990,https://www.divan.ru/product/kreslo-larni-velvet-coral,kresla
Кресло Кинси Land Grafit,39990,https://www.divan.ru/product/kreslo-kinsi-land-grafit,kresla
Кресло Brera Velour Lilac,68990,https://www.divan.ru/product/kreslo-brera-velour-lilac,kresla
Кресло Оденс Linia Nut,20990,https://www.divan.ru/product/kreslo-odens-linia-nut,kresla
Кресло Роттердам Cozy Milk,21990,https://www.divan.ru/product/kreslo-rotterdam-cozy-milk,kresla
Кресло Кальдера Barhat Navy Blue,34990,https://www.divan.ru/product/kreslo-kaldera-barhat-navy-blue,kresla
Без названия,Не указана,https://www.divan.ru/product/kreslo-menik-velvet-beige,kresla
Без названия,Не указана,https://www.divan.ru/product/kreslo-vitio-velvet-yellow-new,kresla
Без названия,Не указана,https://www.divan.ru/product/kreslo-djenks-textile-grafit,kresla
Без названия,Не указана,https://www.divan.ru/product/kreslo-vitio-velvet-silver,kresla
Без названия,Не указана,https://www.divan.ru/product/kreslo-krovat-dins-mini-velvet-latte,kresla
Без названия,Не указана,https://www.divan.ru/product/kreslo-londi-cozy-ecru,kresla
Без названия,Не указана,https://www.divan.ru/product/kreslo-djenks-textile-yellow,kresla
Без названия,Не указана,https://www.divan.ru/product/kreslo-pajl-barhat-smoke,kresla
Без названия,Не указана,https://www.divan.ru/product/kreslo-pajl-textile-ginger,kresla
Без названия,Не указана,https://www.divan.ru/product/kreslo-bons-t-velvet-silver,kresla
Пуф Кофи Velvet Navy Blue,4590,https://www.divan.ru/product/puf-kofi-velvet-navy-blue,pufy
Пуф Ринт Cozy Milk,12990,https://www.divan.ru/product/puf-rint-cozy-milk,pufy
Пуф Дзен Лес,7990,https://www.divan.ru/product/puf-dzen-les,pufy
Пуф Кофи-3 Barhat Latte,9990,https://www.divan.ru/product/puf-kofi-3-barhat-latte,pufy
Пуф Кото Cozy Beige,9990,https://www.divan.ru/product/puf-koto-cozy-beige,pufy
Пуф Brera-16 Velour Caramel,22990,https://www.divan.ru/product/puf-brera-16-velour-caramel,pufy
Пуф Лидо Velvet Smoke,5990,https://www.divan.ru/product/puf-lido-velvet-smoke,pufy
Пуф Дзен-2 Velvet Coral,11990,https://www.divan.ru/product/puf-dzen-2-velvet-coral,pufy
Пуф Кофи-2 Vertikal Lavender,5990,https://www.divan.ru/product/puf-kofi-2-vertikal-lavender,pufy
Пуф Кропс Bucle Lilac,9990,https://www.divan.ru/product/puf-krops-bucle-lilac,pufy
Пуф Дзен-1 Диалог,10990,https://www.divan.ru/product/puf-dzen-1-dialog,pufy
Банкетка Ситено Barhat Light,12990,https://www.divan.ru/product/banketka-siteno-barhat-light,pufy
Пуф Тут Рядом Дом Серо-графитовый,12990,https://www.divan.ru/product/puf-tut-ryadom-dom-sero-grafitovyj,pufy
Пуф Плиди Velvet Coral,5590,https://www.divan.ru/product/puf-plidi-velvet-coral,pufy
Пуф Акера-2 Velvet Beige,11990,https://www.divan.ru/product/puf-akera-2-velvet-beige,pufy
Пуф Милин Barhat Ginger,9990,https://www.divan.ru/product/puf-milin-barhat-ginger,pufy
Пуф Дзен-1 Лес,10990,https://www.divan.ru/product/puf-dzen-1-les,pufy
Пуф Винси Soft Navy Blue,13990,https://www.divan.ru/product/puf-vinsi-soft-navy-blue,pufy
Пуф Лонди Bucle Marble,12990,https://www.divan.ru/product/puf-londi-bucle-marble,pufy
Пуф Эби Мини Linia Pink,7990,https://www.divan.ru/product/puf-ebi-mini-linia-pink,pufy
Пуф Гарди Soft Toffe,15990,https://www.divan.ru/product/puf-gardi-soft-toffe,pufy
Пуф Корк Velvet Moss,7990,https://www.divan.ru/product/puf-kork-velvet-moss,pufy
Пуф Куб Velvet Ocean,4990,https://www.divan.ru/product/puf-kub-velvet-ocean,pufy
Пуф Риббл-20 Bucle White,31990,https://www.divan.ru/product/puf-ribbl-20-bucle-white,pufy
Пуф Дзен-2 На Лугу,12990,https://www.divan.ru/product/puf-dzen-2-na-lugu,pufy
Пуф Поул Bucle Pink,15990,https://www.divan.ru/product/puf-poul-bucle-pink,pufy
Пуф Ньюбери Velvet Green,5990,https://www.divan.ru/product/puf-nyuberi-velvet-green,pufy
Пуф Арис-2 Textile Grey,11990,https://www.divan.ru/product/puf-aris-2-textile-grey,pufy
Пуф Лесли Velvet Mint,7990,https://www.divan.ru/product/puf-lesli-velvet-mint,pufy
Пуф Клаум Linia Nut,7990,https://www.divan.ru/product/puf-klaum-linia-nut,pufy
Пуф Пайпел Bucle Forest,19990,https://www.divan.ru/product/puf-pajpel-bucle-forest,pufy
Пуф Кофи-3 Barhat Cherry,9990,https://www.divan.ru/product/puf-kofi-3-barhat-cherry,pufy
Пуф Мисл Barhat Beige,19990,https://www.divan.ru/product/puf-misl-barhat-beige,pufy
Пуф Орон Barhat Mint,6990,https://www.divan.ru/product/puf-oron-barhat-mint,pufy
Пуф Дадли Velvet Coral,4990,https://www.divan.ru/product/puf-dadli-velvet-coral,pufy
Банкетка Кото Cozy Emerald,15990,https://www.divan.ru/product/banketka-koto-cozy-emerald,pufy
Пуф Динс Velvet Silver,8990,https://www.divan.ru/product/puf-dins-velvet-silver,pufy
Пуф Пайпел Bucle Beige,19990,https://www.divan.ru/product/puf-pajpel-bucle-beige,pufy
Пуф Brera-16 Velour Cherry,22990,https://www.divan.ru/product/puf-brera-16-velour-cherry,pufy
Пуф Риббл-20 Bucle Lilac,31990,https://www.divan.ru/product/puf-ribbl-20-bucle-lilac,pufy
Пуф Куб Velvet Beige,4990,https://www.divan.ru/product/puf-kub-velvet-beige,pufy
Пуф Винси Textile Ginger,13990,https://www.divan.ru/product/puf-vinsi-textile-ginger,pufy
Банкетка Ринт Bucle Yellow,15990,https://www.divan.ru/product/banketka-rint-bucle-yellow,pufy
Пуф Лонди Cozy Light,12990,https://www.divan.ru/product/puf-londi-cozy-light,pufy
Пуф Куб Velvet Yellow,4990,https://www.divan.ru/product/puf-kub-velvet-yellow,pufy
Пуф Маиль Textile Latte,25990,https://www.divan.ru/product/puf-mail-textile-latte,pufy
Пуф Дадли Velvet Emerald,4990,https://www.divan.ru/product/puf-dadli-velvet-emerald,pufy
Пуф Эби Мини Linia Nut,7990,https://www.divan.ru/product/puf-ebi-mini-linia-nut,pufy
Без названия,Не указана,https://www.divan.ru/product/puf-klaum-linia-lavender,pufy
Без названия,Не указана,https://www.divan.ru/product/puf-siteno-barhat-light,pufy
Без названия,Не указана,https://www.divan.ru/product/puf-mel-bucle-sunrise,pufy
Без названия,Не указана,https://www.divan.ru/product/puf-kofi-2-vertikal-terra,pufy
Без названия,Не указана,https://www.divan.ru/product/puf-lido-velvet-eclipse,pufy
Без названия,Не указана,https://www.divan.ru/product/banketka-siteno-barhat-stone,pufy
Без названия,Не указана,https://www.divan.ru/product/banketka-vajli-bucle-storm,pufy
Без названия,Не указана,https://www.divan.ru/product/puf-kofi-velvet-yellow,pufy
Без названия,Не указана,https://www.divan.ru/product/puf-krops-bucle-pink,pufy
Без названия,Не указана,https://www.divan.ru/product/banketka-edin-velvet-grey,pufy
